{
    "global": {
        "mainColors": {
            "primary": "#9966b2"
        },
        "fonts": {
            "families": {
                "body": ["Nunito"]
            }
        },
        "options": {
            "preset": "dark"
        }
    },
    "banner": {
        "backgrounds": {
            "useOverlay": false
        },
        "outerBackground": {
            "backgroundPosition": "0% 50%"
        },
        "inputAndButton": "36px"
    },
    "titleBar": {
        "colors": {
            "fg": "#fff",
            "bg": "#6c1794"
        },
        "border": {
            "type": "border"
        }
    }
}
